customer_id,name,email,location,signup_date
1,Madison Smith,williamsteresa@calhoun-fisher.com,New Darryl,2024-04-10
2,Kyle Brown,schroedermarco@hotmail.com,Lake Anthony,2023-05-26
3,Alexander Gonzalez,fgriffin@yahoo.com,Port Joseph,2022-09-09
4,Joseph Potter,paulsweeney@hotmail.com,Amandafort,2024-03-24
5,Joshua King,riverssheryl@george.com,Port Paulbury,2023-06-14
6,Spencer Pugh,jacob61@singh-johnson.net,Duranfort,2024-03-03
7,Kathryn Gordon,brookstina@yahoo.com,Lake Michael,2022-08-30
8,Greg Weaver,davidlewis@gmail.com,New Joseph,2024-04-06
9,Elizabeth Villanueva,richard84@gmail.com,West Ashleychester,2025-04-08
10,Darlene Morris,gregory16@gmail.com,Darrenmouth,2023-06-06
11,Richard Simpson,benjaminbaker@gmail.com,New Aaronmouth,2022-12-19
12,Cynthia Lopez,lindsey02@burke.org,Josephchester,2023-11-21
13,Caroline Griffith,angelapatel@gmail.com,Port Josephmouth,2023-01-31
14,Jason Johnston,bvillanueva@dean.net,East Latoya,2025-03-07
15,Tony Harrington,nclark@hotmail.com,Mikaylaberg,2025-06-07
16,Thomas Hicks,david53@yoder.com,Murraymouth,2023-10-04
17,Ethan Fernandez,qthornton@gomez-barnes.org,North Gloriatown,2023-05-06
18,Megan Mullen,haleyrogers@gmail.com,Wilsonside,2023-04-04
19,James Young,kristin28@yahoo.com,New Kendraland,2023-04-30
20,Christine Palmer,omarpowell@gmail.com,East William,2025-03-15
21,John Alexander,mirandaluis@williams-figueroa.com,Cordovaton,2023-01-28
22,Megan Powell,williamsalexander@yahoo.com,West Alexashire,2024-04-01
23,Amber Nelson,laura43@hotmail.com,Adamhaven,2022-09-20
24,Matthew Zavala,allenkathleen@nielsen-martinez.biz,Garciaport,2022-08-28
25,Jimmy Rowe,amy96@lindsey.com,Barryside,2023-10-27
26,Christopher Davis,jamesgreen@yahoo.com,Rojashaven,2025-04-01
27,Gail Lee,andrew24@gmail.com,Andrewton,2023-03-23
28,Anna Hamilton,jacksontracy@yahoo.com,Ballardchester,2025-04-01
29,Juan Schroeder,douglasroger@garcia-yang.com,Crosbyhaven,2024-12-06
30,Jeremy Hayes,mcguireemily@conner.com,Johnmouth,2023-02-06
31,Marcus Hodge,david46@silva.biz,Michaelside,2022-12-14
32,Matthew Lucas,saramann@lambert-anderson.com,Lake Samantha,2024-04-16
33,Lee Hoffman,rsanchez@evans.com,Lake Shaneshire,2022-08-25
34,Hector Griffin,andrew77@franco.com,Robertburgh,2023-06-08
35,Kristopher Beasley,olsongerald@hotmail.com,Lake Johnview,2023-10-13
36,Nathaniel Moore,michael34@gmail.com,Kevinburgh,2024-08-12
37,Jonathon Baker,johnstonsandra@hotmail.com,Taylorberg,2023-01-28
38,Leah Green,edwardchristian@myers-wagner.net,South Dannyfurt,2024-05-25
39,Suzanne Yang,edward22@yahoo.com,Nicholaston,2023-01-21
40,Joshua Lee,leejulia@yahoo.com,Guzmanville,2025-03-29
41,Jonathan James,vincentpatrick@brooks.org,Mcdonaldton,2024-09-25
42,Kathleen Green,parkspeter@hotmail.com,New Pamela,2025-05-15
43,Daniel Cabrera,tyler13@mcbride.com,East Laura,2024-11-28
44,Curtis Henry,greggfigueroa@gmail.com,Brownmouth,2022-12-21
45,Sarah Russell,davidcampbell@koch.com,Port Michele,2024-04-07
46,Bryan Smith,urogers@hotmail.com,Hallmouth,2022-12-01
47,Rhonda Herman,murphymatthew@kennedy.com,New Erika,2024-07-09
48,Katherine Drake,wallacebobby@cox.org,New Elizabethside,2024-12-22
49,Maria Baker,cindyjenkins@rose-horton.biz,Andersonbury,2025-01-12
50,Joseph Cook,julia66@yahoo.com,East Jesus,2024-12-29
51,Lindsey Cantu,josehumphrey@yahoo.com,Deborahfurt,2023-11-05
52,Dr. Charles Montoya DVM,zstevens@harvey.com,Washingtonmouth,2022-08-22
53,Wendy Carlson,gary69@hotmail.com,South Derekview,2023-07-08
54,Christopher Williams,ejones@owens.info,East Rebecca,2023-08-18
55,Kenneth Jackson,daniel76@hotmail.com,East Nicole,2023-08-15
56,Jeffrey Leonard,khunter@aguirre-avila.com,Halltown,2022-10-22
57,Manuel Mitchell,moralesdaisy@dennis-guerra.biz,Charlesfurt,2023-11-19
58,Daniel Soto,sharonharris@yahoo.com,Lake Todd,2025-03-12
59,Carl Myers,sheppardsarah@mckenzie-thomas.com,Shepherdmouth,2025-03-23
60,Miss Julie Carter MD,nancyharris@gmail.com,Port Megan,2023-09-30
61,John Williams,campbellmatthew@yahoo.com,West Michelleside,2024-07-01
62,Jack Grant,barbarahawkins@curry.info,South William,2022-10-06
63,Chad Gill DDS,amanda87@gibson-elliott.org,Hallstad,2023-01-16
64,Steven Hughes,jaimegreen@gordon-vaughn.com,Port Chad,2024-08-19
65,Tracey Barnett,qsingleton@cox.com,North Ericaport,2024-08-07
66,Terry Garza,ashleymendez@woods.net,East Ryan,2022-10-19
67,Joseph Garcia,jameslawrence@sanders.info,West Jonathan,2023-03-03
68,David Kennedy,woodsjamie@yahoo.com,Gloverstad,2025-02-28
69,Rhonda Haney,wcontreras@gmail.com,Thompsonmouth,2023-09-24
70,Amanda Thomas,michelle51@freeman.com,Debbieburgh,2024-02-14
71,Sheila Santiago,orrmichael@jackson-munoz.com,Lake Patrick,2024-07-09
72,Marc Davis,larnold@gmail.com,Masonbury,2025-06-24
73,Sandra Allen,joel28@yahoo.com,Brownmouth,2023-10-26
74,Veronica Hardin,hermankatherine@gmail.com,Lake Cristina,2024-10-02
75,Ashley Duran,zpeterson@hotmail.com,Dunnview,2024-03-03
76,Bryan Ortiz,xsanchez@wilson.com,Johnmouth,2025-03-29
77,Brian Dalton,carolynsheppard@yahoo.com,South Ashley,2023-05-08
78,Dawn Dougherty,fclark@garcia-lynch.com,Millerburgh,2025-02-05
79,Shaun Garza,alison21@yahoo.com,South Karen,2024-04-30
80,Andrea Powell,kenneth21@carter.com,Port Michelle,2024-10-19
81,Stephanie Foster,hcantu@parker.com,Port Lisaville,2024-10-11
82,Jesus Wallace,brandonwhitaker@hampton-gallagher.com,Davenportville,2023-11-17
83,Hannah Watson,douglasmoon@cook.info,West Shannonville,2023-04-13
84,Tara Hull,elizabeth38@hotmail.com,East Christopher,2023-11-02
85,Steven Rowland,bonniechambers@hotmail.com,Amychester,2023-06-04
86,Mark Wall,harrisheather@yahoo.com,Bennettville,2023-08-21
87,David Brooks,garciakatherine@baker.org,Williamschester,2022-10-18
88,Anthony Cruz,mark06@stanley.biz,Traciview,2023-07-30
89,Jamie Shields PhD,sramsey@stewart.net,Tinaborough,2023-12-23
90,Jeffrey Fisher,eddie87@miller.biz,Lewistown,2023-12-16
91,Michelle Simpson,mariajenkins@yahoo.com,North Allen,2022-07-27
92,Joshua Dodson,kjones@yahoo.com,Joshuachester,2023-02-28
93,Jeffrey Schultz,sandracarpenter@neal.com,East Ericview,2025-03-16
94,Christopher Phelps,phernandez@gmail.com,Port Amanda,2025-02-22
95,Wanda Newman,lgomez@ellis-davis.net,West Sarafurt,2025-05-26
96,Samantha Robinson,justin67@hudson.info,Carriebury,2023-07-21
97,Ronald Cohen,kshields@adams.com,South Katelynchester,2023-11-21
98,Ashley Jackson DDS,bateskevin@gmail.com,Cortezton,2023-11-16
99,Paul Clark,rwalker@yahoo.com,East Jeffreyborough,2025-06-13
100,Andrea Marks,matthew26@scott.net,West Lynnberg,2022-11-15
101,Walter Salinas,normankelly@gmail.com,Katherinetown,2022-07-27
102,Kim Lane,xhayes@gmail.com,North Brianstad,2023-04-11
103,Evelyn Ray,osbornjenna@garrison-lucero.com,Port Josephville,2025-06-04
104,Erin Navarro,jeffrey72@gmail.com,Torresmouth,2024-05-21
105,April Burke,stevenperez@gmail.com,East Jordan,2024-06-05
106,Angela Vasquez,heathermiller@gmail.com,Taylorshire,2022-12-10
107,Emily Dunn,pwilliams@yahoo.com,New Jacquelinebury,2023-02-19
108,Antonio Hart,jessegomez@hotmail.com,Port Richard,2023-02-03
109,Jennifer Flynn,uevans@yahoo.com,West Nicholastown,2023-01-26
110,Dennis Rose,iburns@hotmail.com,Port Brianna,2022-09-19
111,Timothy Wilson,omontes@montgomery.com,Davidview,2023-10-04
112,Anthony Atkins,kevinreyes@yahoo.com,Lake Sylvia,2025-05-05
113,Mark Thomas,terry88@booker.net,Lake Austinstad,2023-02-17
114,Ryan Smith,kellermatthew@stevens-higgins.com,Jonathanbury,2023-09-08
115,Benjamin Ford,colemichael@hotmail.com,West Sharon,2025-01-07
116,Dennis Sanders,austin60@hotmail.com,North Joshua,2025-05-22
117,Tammy Grant,shanebooth@ramsey.biz,North Vanessabury,2022-09-13
118,Valerie Griffin,roberttorres@williams.com,Kristyside,2024-09-23
119,Diane Aguirre,erocha@campbell.com,Carlostown,2025-01-26
120,Heather Gibson,egriffith@yahoo.com,Amandaborough,2023-04-16
121,Amy Mcdaniel,ygreen@salinas.com,Sheltonmouth,2023-11-19
122,Ashley Ramos,christopher20@gmail.com,Jenniferfurt,2025-04-04
123,Jane Gray,nnelson@smith-savage.net,Leeberg,2024-09-14
124,Susan Brown,nelsonjulia@harrison-newman.net,Johnsonville,2024-07-07
125,Anna Owens,mary54@gmail.com,Lake Dominique,2024-08-29
126,Katie Jones,eduran@yahoo.com,Robinsonshire,2025-06-25
127,Jason Miller,maloneaaron@hotmail.com,Dustinside,2023-07-03
128,William Nelson,ryankristina@hotmail.com,Gainesmouth,2023-12-24
129,Bruce Newman,diazstephanie@hotmail.com,North Stacy,2023-10-17
130,Michael Roberson,bianca63@hotmail.com,Danielleshire,2024-04-24
131,Kimberly Baker,hortonbethany@jimenez.biz,West Natashastad,2024-04-27
132,Brianna Hayes,victorjones@williams.com,Leblancland,2022-10-04
133,Timothy Johnson,smithsteven@yahoo.com,Port Joseph,2023-02-06
134,Michael Green,hallen@salas.com,Shawnton,2024-08-03
135,Harold Adkins,bishopbryan@hotmail.com,Rodneyborough,2023-03-20
136,Anthony Wells,unelson@yahoo.com,South Joshuaton,2023-01-06
137,Sonya Arnold,mooneyamanda@gmail.com,North Molly,2023-11-25
138,Juan Martin,wayneevans@hotmail.com,Port Holly,2023-04-28
139,Mark Fisher,sean01@reynolds-grant.biz,East Amanda,2025-04-17
140,Catherine Lopez,samuel81@herrera.org,South Eugeneview,2025-05-06
141,Mark Foster,ymccoy@phelps.biz,Jamiefurt,2024-11-28
142,Jody Lopez,rmartinez@williams.info,North Ryan,2024-10-30
143,Ashley Carter,gonzaleslaura@moss.biz,Valeriemouth,2022-11-27
144,James Nguyen,david87@joseph.biz,New Brandonland,2023-12-04
145,Amanda Snyder,cooleydestiny@gates.biz,Lake Mariashire,2023-11-24
146,Kerri Johnson,johnlewis@yahoo.com,Lake Kristenberg,2022-10-22
147,Mr. Jason Wallace,katherine68@thomas.net,Sanderschester,2023-08-17
148,Jeffrey Henson,alexanderwagner@yahoo.com,Lake Tammy,2025-02-28
149,Natasha Swanson,leebrian@hotmail.com,Foleyberg,2025-05-13
150,Denise Holt,paulgillespie@larson-vazquez.com,Lake Christina,2023-12-09
151,Antonio Porter,aaron84@adams.com,North Susan,2024-06-06
152,Rebecca Jones,anthony77@hotmail.com,Annaland,2023-11-15
153,Joseph Mayer,krista63@allen.net,North Ericchester,2024-02-24
154,Jacqueline Gray,jamesrivera@yahoo.com,Houseborough,2024-02-13
155,Andrew Martin,xramos@yahoo.com,New Steven,2022-08-28
156,Sophia Burton,manuelsalazar@gmail.com,East Christophermouth,2024-02-24
157,Angelica Martinez,marygutierrez@padilla.com,East Angela,2024-12-20
158,Dylan Michael,ngilmore@wells.com,Simmonsview,2024-12-15
159,Joseph Gardner,davisheather@hotmail.com,Timothymouth,2023-09-25
160,Mariah Hull,pamela99@washington.com,Ashleyborough,2023-08-27
161,David Morris,hbailey@smith-wright.biz,Amandashire,2023-02-17
162,Steven Taylor,ashleyhernandez@hotmail.com,North Jennifer,2024-08-18
163,Zachary Anderson,johnsonjordan@gmail.com,New Michealberg,2025-01-18
164,Matthew Rodriguez,mary85@hotmail.com,East Alyssa,2024-10-09
165,Rhonda Sharp,lbond@lloyd.com,East Andrewview,2024-11-06
166,Pamela Nguyen,darrenjacobson@yahoo.com,Millerstad,2022-11-13
167,Alexander Holloway,juan59@perry-orr.org,South Sean,2023-11-27
168,Lauren Day,john25@yahoo.com,North Lauren,2025-03-10
169,Tyler Smith,robertsonalexandria@peterson.com,Lake Michaelmouth,2022-08-16
170,Chelsea Sandoval,monique69@williams-brennan.com,Simonfurt,2024-03-27
171,Austin Murphy,derek46@hotmail.com,Daniellebury,2025-05-09
172,Carolyn Frazier,rhenry@williams-miller.com,East Zachary,2023-04-14
173,Gary Joyce,ambermarshall@lopez.com,South Lisatown,2022-09-30
174,Cristina Foster,alvinholmes@yahoo.com,East Michael,2022-12-23
175,Justin Smith,sharonbrown@lewis-fernandez.org,Troyhaven,2024-09-18
176,Joan Mcclain,natalie55@gmail.com,Lake Andrew,2023-09-08
177,Eric Stevens,ryanwilson@hotmail.com,Port Joshua,2023-07-05
178,Daryl Lawson,stephaniemiller@sandoval.com,Timborough,2023-04-25
179,Debbie Bradley,troysanchez@yahoo.com,Sparkschester,2024-03-02
180,Ryan Baxter,wjoyce@hotmail.com,Cherryberg,2022-08-25
181,Richard Lewis,jacquelineturner@calderon.com,Vickiborough,2023-10-11
182,Heather Gomez,vbutler@lane-scott.com,New Joseph,2022-12-07
183,Stephen Moses,shelby05@king.info,East Rodney,2024-02-02
184,Daniel Cole,murrayraymond@yahoo.com,Douglasmouth,2023-01-26
185,Mr. Matthew Henry MD,sarasanders@ellis.com,Kevinville,2023-05-17
186,Alison Scott,pmorris@cobb.com,Michelletown,2023-09-24
187,Michael George,jasondavis@franklin.com,Lake Elizabethmouth,2025-02-09
188,Hannah Mccullough,erobinson@hernandez-taylor.com,Lake Daniellebury,2024-04-21
189,Nancy Lee,michael28@williams.com,Jenniferfurt,2022-08-19
190,Mark Brown,fflores@gmail.com,East Kendraville,2025-04-11
191,Sandra Moss,ballardkimberly@wiggins-mclaughlin.com,East Heatherfurt,2025-06-22
192,Jennifer Rollins,william12@hotmail.com,Christopherville,2024-07-01
193,Joseph Rowe,christinataylor@hall.com,North Brendashire,2024-07-09
194,Elizabeth Harris,kmartinez@yahoo.com,Grayville,2024-03-01
195,Susan Baker,andersonanthony@gmail.com,West Kelly,2023-02-03
196,Thomas Black,dsingh@espinoza.com,Port Erik,2023-04-19
197,Sylvia Sanders,lhernandez@miller.com,South Christian,2024-02-04
198,Trevor Obrien,uperez@miller-wiley.biz,Josephside,2024-06-24
199,Anita Osborn,grahammichael@yahoo.com,North Kaylaburgh,2022-09-05
200,Danielle Parker,natalie37@burns.org,Duncanfurt,2023-10-02
