{"commitInfo":{"timestamp":1762951739561,"userId":"6454867400708642","userName":"sonalholankar@gmail.com","operation":"DELETE","operationParameters":{"predicate":"[\"true\"]"},"notebook":{"notebookId":"550367966451255"},"clusterId":"1112-121943-4tf5r4d2-v2n","readVersion":0,"isolationLevel":"WriteSerializable","isBlindAppend":false,"operationMetrics":{"numRemovedFiles":"1","numRemovedBytes":"818","numCopiedRows":"0","numDeletionVectorsAdded":"0","executionTimeMs":"29","numDeletionVectorsUpdated":"0","numAddedFiles":"0","numDeletionVectorsRemoved":"0","numAddedChangeFiles":"0","numDeletedRows":"3","scanTimeMs":"17","numAddedBytes":"0","rewriteTimeMs":"0"},"tags":{"noRowsCopied":"true","delta.rowTracking.preserved":"false","restoresDeletedRows":"false"},"engineInfo":"Databricks-Runtime/17.2.x-aarch64-photon-scala2.13","txnId":"ec9b579c-6cde-4e48-8432-cd10082b0beb"}}
{"remove":{"path":"part-00000-8b028e8c-a2e3-4932-9f2f-253c523a62a3.c000.snappy.parquet","deletionTimestamp":1762951739530,"dataChange":true,"extendedFileMetadata":true,"partitionValues":{},"size":818,"tags":{"INSERTION_TIME":"1762950028000000","MIN_INSERTION_TIME":"1762950028000000","MAX_INSERTION_TIME":"1762950028000000","OPTIMIZE_TARGET_SIZE":"268435456"},"stats":"{ \"numRecords\" : 3 }"}}
