{"commitInfo":{"timestamp":1762950028189,"userId":"6454867400708642","userName":"sonalholankar@gmail.com","operation":"WRITE","operationParameters":{"mode":"Append","statsOnLoad":false,"partitionBy":"[]"},"notebook":{"notebookId":"550367966451255"},"clusterId":"1112-121943-4tf5r4d2-v2n","isolationLevel":"WriteSerializable","isBlindAppend":true,"operationMetrics":{"numFiles":"1","numOutputRows":"3","numOutputBytes":"818"},"tags":{"noRowsCopied":"true","restoresDeletedRows":"false"},"engineInfo":"Databricks-Runtime/17.2.x-aarch64-photon-scala2.13","txnId":"3e7360e1-6f29-4261-905b-c46c01dcdddc"}}
{"metaData":{"id":"04448a65-bd49-4138-9fee-f98100c43b63","format":{"provider":"parquet","options":{}},"schemaString":"{\"type\":\"struct\",\"fields\":[{\"name\":\"id\",\"type\":\"integer\",\"nullable\":true,\"metadata\":{}},{\"name\":\"salary\",\"type\":\"integer\",\"nullable\":true,\"metadata\":{}}]}","partitionColumns":[],"configuration":{"delta.enableDeletionVectors":"true"},"createdTime":1762950024373}}
{"protocol":{"minReaderVersion":3,"minWriterVersion":7,"readerFeatures":["deletionVectors"],"writerFeatures":["deletionVectors","appendOnly","invariants"]}}
{"add":{"path":"part-00000-8b028e8c-a2e3-4932-9f2f-253c523a62a3.c000.snappy.parquet","partitionValues":{},"size":818,"modificationTime":1762950028000,"dataChange":true,"stats":"{\"numRecords\":3,\"minValues\":{\"id\":1,\"salary\":100},\"maxValues\":{\"id\":3,\"salary\":300},\"nullCount\":{\"id\":0,\"salary\":0},\"tightBounds\":true}","tags":{"INSERTION_TIME":"1762950028000000","MIN_INSERTION_TIME":"1762950028000000","MAX_INSERTION_TIME":"1762950028000000","OPTIMIZE_TARGET_SIZE":"268435456"}}}
