{"commitInfo":{"timestamp":1763899522950,"userId":"6454867400708642","userName":"sonalholankar@gmail.com","operation":"WRITE","operationParameters":{"mode":"Overwrite","statsOnLoad":false,"partitionBy":"[]"},"job":{"jobId":"81324242955022","jobRunId":"560497362406233"},"notebook":{"notebookId":"550367966451169"},"clusterId":"1123-120458-permu5yn-v2n","readVersion":1,"isolationLevel":"WriteSerializable","isBlindAppend":false,"operationMetrics":{"numFiles":"1","numRemovedFiles":"1","numRemovedBytes":"1327","numDeletionVectorsRemoved":"0","numOutputRows":"21","numOutputBytes":"1325"},"tags":{"noRowsCopied":"true","restoresDeletedRows":"false"},"engineInfo":"Databricks-Runtime/17.2.x-aarch64-photon-scala2.13","txnId":"3bec860f-5e41-49eb-a286-cb1f539cc930"}}
{"add":{"path":"part-00000-5ba86d84-ec01-484a-b8d5-8b475212400b.c000.snappy.parquet","partitionValues":{},"size":1325,"modificationTime":1763899523000,"dataChange":true,"stats":"{\"numRecords\":21,\"minValues\":{\"column1\":1,\"column2\":\"Store_1\",\"column3\":\"East\"},\"maxValues\":{\"column1\":20,\"column2\":\"store_name\",\"column3\":\"region\"},\"nullCount\":{\"column1\":1,\"column2\":0,\"column3\":0},\"tightBounds\":true}","tags":{"INSERTION_TIME":"1763899523000000","MIN_INSERTION_TIME":"1763899523000000","MAX_INSERTION_TIME":"1763899523000000","OPTIMIZE_TARGET_SIZE":"268435456"}}}
{"remove":{"path":"part-00000-737239e4-cb0d-4664-af46-aba14c48e018.c000.snappy.parquet","deletionTimestamp":1763899522940,"dataChange":true,"extendedFileMetadata":true,"partitionValues":{},"size":1327,"tags":{"INSERTION_TIME":"1754646958000000","MIN_INSERTION_TIME":"1754646958000000","MAX_INSERTION_TIME":"1754646958000000","OPTIMIZE_TARGET_SIZE":"268435456"}}}
