{"commitInfo":{"timestamp":1753610319584,"userId":"6454867400708642","userName":"sonalholankar@gmail.com","operation":"WRITE","operationParameters":{"mode":"Overwrite","statsOnLoad":false,"partitionBy":"[]"},"clusterId":"0727-094012-sh7wngxe-v2n","isolationLevel":"WriteSerializable","isBlindAppend":false,"operationMetrics":{"numFiles":"1","numRemovedFiles":"0","numRemovedBytes":"0","numOutputRows":"21","numOutputBytes":"1297"},"tags":{"noRowsCopied":"true","restoresDeletedRows":"false"},"engineInfo":"Databricks-Runtime/16.4.x-aarch64-photon-scala2.12","txnId":"25c72598-18cd-4e7b-8ca3-36d263d327bf"}}
{"metaData":{"id":"44c0566f-a3ae-4256-91d7-cc3df3803f7f","format":{"provider":"parquet","options":{}},"schemaString":"{\"type\":\"struct\",\"fields\":[{\"name\":\"column1\",\"type\":\"integer\",\"nullable\":true,\"metadata\":{}},{\"name\":\"column2\",\"type\":\"string\",\"nullable\":true,\"metadata\":{}},{\"name\":\"column3\",\"type\":\"string\",\"nullable\":true,\"metadata\":{}}]}","partitionColumns":[],"configuration":{"delta.enableDeletionVectors":"true"},"createdTime":1753610314684}}
{"protocol":{"minReaderVersion":3,"minWriterVersion":7,"readerFeatures":["deletionVectors"],"writerFeatures":["deletionVectors","appendOnly","invariants"]}}
{"add":{"path":"part-00000-1d9e023a-ece6-4007-a5b8-43a15436440c.c000.snappy.parquet","partitionValues":{},"size":1297,"modificationTime":1753610319000,"dataChange":true,"stats":"{\"numRecords\":21,\"minValues\":{\"column1\":1,\"column2\":\"Store_1\",\"column3\":\"East\"},\"maxValues\":{\"column1\":20,\"column2\":\"store_name\",\"column3\":\"region\"},\"nullCount\":{\"column1\":1,\"column2\":0,\"column3\":0},\"tightBounds\":true}","tags":{"INSERTION_TIME":"1753610319000000","MIN_INSERTION_TIME":"1753610319000000","MAX_INSERTION_TIME":"1753610319000000","OPTIMIZE_TARGET_SIZE":"268435456"}}}
