{"commitInfo":{"timestamp":1754646958355,"userId":"6454867400708642","userName":"sonalholankar@gmail.com","operation":"WRITE","operationParameters":{"mode":"Overwrite","statsOnLoad":false,"partitionBy":"[]"},"job":{"jobId":"81324242955022","jobRunId":"1088664198333483"},"clusterId":"0808-095534-xji94l6y-v2n","readVersion":0,"isolationLevel":"WriteSerializable","isBlindAppend":false,"operationMetrics":{"numFiles":"1","numRemovedFiles":"1","numRemovedBytes":"1297","numOutputRows":"21","numOutputBytes":"1327"},"tags":{"noRowsCopied":"true","restoresDeletedRows":"false"},"engineInfo":"Databricks-Runtime/17.0.x-aarch64-photon-scala2.13","txnId":"38fba979-d86c-4bd6-b965-b66ff6655fdd"}}
{"add":{"path":"part-00000-737239e4-cb0d-4664-af46-aba14c48e018.c000.snappy.parquet","partitionValues":{},"size":1327,"modificationTime":1754646958000,"dataChange":true,"stats":"{\"numRecords\":21,\"minValues\":{\"column1\":1,\"column2\":\"Store_1\",\"column3\":\"East\"},\"maxValues\":{\"column1\":20,\"column2\":\"store_name\",\"column3\":\"region\"},\"nullCount\":{\"column1\":1,\"column2\":0,\"column3\":0},\"tightBounds\":true}","tags":{"INSERTION_TIME":"1754646958000000","MIN_INSERTION_TIME":"1754646958000000","MAX_INSERTION_TIME":"1754646958000000","OPTIMIZE_TARGET_SIZE":"268435456"}}}
{"remove":{"path":"part-00000-1d9e023a-ece6-4007-a5b8-43a15436440c.c000.snappy.parquet","deletionTimestamp":1754646958299,"dataChange":true,"extendedFileMetadata":true,"partitionValues":{},"size":1297,"tags":{"INSERTION_TIME":"1753610319000000","MIN_INSERTION_TIME":"1753610319000000","MAX_INSERTION_TIME":"1753610319000000","OPTIMIZE_TARGET_SIZE":"268435456"}}}
